,video_name,tag
0,0.csv,[0]
1,1.csv,[0]
2,2.csv,[0]
3,3.csv,[0]
4,4.csv,[0]
5,5.csv,[0]
6,6.csv,[0]
7,7.csv,[0]
8,8.csv,[0]
9,9.csv,[0]
10,10.csv,[0]
11,11.csv,[0]
12,12.csv,[0]
13,13.csv,[0]
14,14.csv,[0]
15,15.csv,[0]
16,16.csv,[0]
17,17.csv,[0]
18,18.csv,[0]
19,19.csv,[0]
20,20.csv,[0]
21,21.csv,[0]
22,22.csv,[0]
23,23.csv,[0]
24,24.csv,[0]
25,25.csv,[0]
26,26.csv,[0]
27,27.csv,[0]
28,28.csv,[0]
29,29.csv,[0]
30,30.csv,[0]
31,31.csv,[0]
32,32.csv,[0]
33,33.csv,[0]
34,34.csv,[0]
35,35.csv,[0]
36,36.csv,[0]
37,37.csv,[0]
38,38.csv,[0]
39,39.csv,[0]
40,40.csv,[1]
41,41.csv,[1]
42,42.csv,[1]
43,43.csv,[1]
44,44.csv,[1]
45,45.csv,[1]
46,46.csv,[1]
47,47.csv,[1]
48,48.csv,[1]
49,49.csv,[1]
50,50.csv,[1]
51,51.csv,[1]
52,52.csv,[1]
53,53.csv,[1]
54,54.csv,[1]
55,55.csv,[1]
56,56.csv,[1]
57,57.csv,[1]
58,58.csv,[1]
59,59.csv,[1]
60,60.csv,[1]
61,61.csv,[1]
62,62.csv,[1]
63,63.csv,[1]
64,64.csv,[1]
65,65.csv,[1]
66,66.csv,[1]
67,67.csv,[1]
68,68.csv,[1]
69,69.csv,[1]
70,70.csv,[1]
71,71.csv,[1]
72,72.csv,[1]
73,73.csv,[1]
74,74.csv,[1]
75,75.csv,[1]
76,76.csv,[1]
77,77.csv,[1]
78,78.csv,[1]
79,79.csv,[1]
80,80.csv,[1]
81,81.csv,[1]
82,82.csv,[1]
83,83.csv,[1]
84,84.csv,[1]
85,85.csv,[1]
86,86.csv,[1]
87,87.csv,[1]
88,88.csv,[1]
89,89.csv,[1]
90,90.csv,[1]
91,91.csv,[1]
92,92.csv,[1]
93,93.csv,[1]
94,94.csv,[1]
95,95.csv,[1]
96,96.csv,[1]
97,97.csv,[1]
98,98.csv,[1]
99,99.csv,[1]
100,100.csv,[1]
101,101.csv,[1]
102,102.csv,[1]
103,103.csv,[1]
104,104.csv,[1]
105,105.csv,[1]
106,106.csv,[1]
107,107.csv,[1]
108,108.csv,[1]
109,109.csv,[1]
110,110.csv,[1]
111,111.csv,[1]
112,112.csv,[1]
113,113.csv,[1]
114,114.csv,[1]
115,115.csv,[1]
116,116.csv,[1]
117,117.csv,[1]
118,118.csv,[1]
119,119.csv,[1]
120,120.csv,[1]
121,121.csv,[1]
122,122.csv,[1]
123,123.csv,[1]
124,124.csv,[1]
125,125.csv,[1]
126,126.csv,[1]
127,127.csv,[1]
128,128.csv,[1]
129,129.csv,[1]
130,130.csv,[1]
131,131.csv,[1]
132,132.csv,[1]
133,133.csv,[1]
134,134.csv,[1]
135,135.csv,[1]
136,136.csv,[1]
137,137.csv,[1]
138,138.csv,[1]
139,139.csv,[1]
140,140.csv,[1]
141,141.csv,[1]
142,142.csv,[1]
143,143.csv,[1]
144,144.csv,[1]
145,145.csv,[1]
146,146.csv,[1]
147,147.csv,[1]
148,148.csv,[1]
149,149.csv,[1]
150,150.csv,[1]
151,151.csv,[1]
152,152.csv,[1]
153,153.csv,[1]
154,154.csv,[1]
155,155.csv,[1]
156,156.csv,[1]
157,157.csv,[1]
158,158.csv,[1]
159,159.csv,[1]
160,160.csv,[1]
161,161.csv,[1]
162,162.csv,[1]
163,163.csv,[1]
164,164.csv,[1]
165,165.csv,[1]
166,166.csv,[1]
167,167.csv,[1]
168,168.csv,[1]
169,169.csv,[1]
170,170.csv,[1]
171,171.csv,[1]
172,172.csv,[1]
173,173.csv,[1]
174,174.csv,[1]
175,175.csv,[1]
176,176.csv,[1]
177,177.csv,[1]
178,178.csv,[1]
179,179.csv,[1]
180,180.csv,[1]
181,181.csv,[1]
182,182.csv,[1]
183,183.csv,[1]
184,184.csv,[1]
185,185.csv,[1]
186,186.csv,[1]
187,187.csv,[1]
188,188.csv,[1]
189,189.csv,[1]
190,190.csv,[1]
191,191.csv,[1]
192,192.csv,[1]
193,193.csv,[1]
194,194.csv,[1]
195,195.csv,[1]
196,196.csv,[1]
197,197.csv,[1]
198,198.csv,[1]
199,199.csv,[1]
200,200.csv,[1]
201,201.csv,[1]
202,202.csv,[1]
203,203.csv,[1]
204,204.csv,[1]
205,205.csv,[1]
206,206.csv,[1]
207,207.csv,[1]
208,208.csv,[1]
209,209.csv,[1]
210,210.csv,[1]
211,211.csv,[1]
212,212.csv,[1]
213,213.csv,[1]
214,214.csv,[1]
215,215.csv,[1]
216,216.csv,[1]
217,217.csv,[1]
218,218.csv,[1]
219,219.csv,[1]
220,220.csv,[1]
221,221.csv,[1]
222,222.csv,[1]
223,223.csv,[1]
224,224.csv,[1]
225,225.csv,[1]
226,226.csv,[1]
227,227.csv,[1]
228,228.csv,[1]
229,229.csv,[1]
230,230.csv,[1]
231,231.csv,[1]
232,232.csv,[1]
233,233.csv,[1]
234,234.csv,[1]
235,235.csv,[1]
236,236.csv,[1]
237,237.csv,[1]
238,238.csv,[1]
239,239.csv,[1]
240,240.csv,[1]
241,241.csv,[1]
242,242.csv,[1]
243,243.csv,[1]
244,244.csv,[1]
245,245.csv,[1]
246,246.csv,[1]
247,247.csv,[1]
248,248.csv,[1]
249,249.csv,[1]
250,250.csv,[1]
251,251.csv,[1]
252,252.csv,[1]
253,253.csv,[1]
254,254.csv,[1]
255,255.csv,[1]
256,256.csv,[1]
257,257.csv,[1]
258,258.csv,[1]
259,259.csv,[1]
260,260.csv,[1]
261,261.csv,[1]
262,262.csv,[1]
263,263.csv,[1]
264,264.csv,[1]
265,265.csv,[1]
266,266.csv,[1]
267,267.csv,[1]
268,268.csv,[1]
269,269.csv,[1]
270,270.csv,[1]
271,271.csv,[1]
272,272.csv,[1]
273,273.csv,[1]
274,274.csv,[1]
275,275.csv,[1]
276,276.csv,[1]
277,277.csv,[1]
278,278.csv,[1]
279,279.csv,[1]
280,280.csv,[1]
281,281.csv,[1]
282,282.csv,[1]
283,283.csv,[1]
284,284.csv,[1]
285,285.csv,[1]
286,286.csv,[1]
287,287.csv,[1]
288,288.csv,[1]
289,289.csv,[1]
290,290.csv,[1]
291,291.csv,[1]
292,292.csv,[1]
293,293.csv,[1]
294,294.csv,[1]
295,295.csv,[1]
296,296.csv,[1]
297,297.csv,[1]
298,298.csv,[1]
299,299.csv,[1]
300,300.csv,[0]
301,301.csv,[0]
302,302.csv,[0]
303,303.csv,[0]
304,304.csv,[0]
305,305.csv,[0]
306,306.csv,[0]
307,307.csv,[0]
308,308.csv,[0]
309,309.csv,[0]
310,310.csv,[0]
311,311.csv,[0]
312,312.csv,[0]
313,313.csv,[0]
314,314.csv,[0]
315,315.csv,[0]
316,316.csv,[0]
317,317.csv,[0]
318,318.csv,[0]
319,319.csv,[0]
320,320.csv,[0]
321,321.csv,[0]
322,322.csv,[0]
323,323.csv,[0]
324,324.csv,[0]
325,325.csv,[0]
326,326.csv,[0]
327,327.csv,[0]
328,328.csv,[0]
329,329.csv,[0]
330,330.csv,[0]
331,331.csv,[0]
332,332.csv,[0]
333,333.csv,[0]
334,334.csv,[0]
335,335.csv,[0]
336,336.csv,[0]
337,337.csv,[0]
338,338.csv,[0]
339,339.csv,[0]
340,340.csv,[0]
341,341.csv,[0]
342,342.csv,[0]
343,343.csv,[0]
344,344.csv,[0]
345,345.csv,[0]
346,346.csv,[0]
347,347.csv,[0]
348,348.csv,[0]
349,349.csv,[0]
350,350.csv,[0]
351,351.csv,[0]
352,352.csv,[0]
353,353.csv,[0]
354,354.csv,[0]
355,355.csv,[0]
356,356.csv,[0]
357,357.csv,[0]
358,358.csv,[0]
359,359.csv,[0]
360,360.csv,[0]
361,361.csv,[0]
362,362.csv,[0]
363,363.csv,[0]
364,364.csv,[0]
365,365.csv,[0]
366,366.csv,[0]
367,367.csv,[0]
368,368.csv,[0]
369,369.csv,[0]
370,370.csv,[0]
371,371.csv,[0]
372,372.csv,[0]
373,373.csv,[0]
374,374.csv,[0]
375,375.csv,[0]
376,376.csv,[0]
377,377.csv,[0]
378,378.csv,[0]
379,379.csv,[0]
380,380.csv,[0]
381,381.csv,[0]
382,382.csv,[0]
383,383.csv,[0]
384,384.csv,[0]
385,385.csv,[0]
386,386.csv,[0]
387,387.csv,[0]
388,388.csv,[0]
389,389.csv,[0]
390,390.csv,[0]
391,391.csv,[0]
392,392.csv,[0]
393,393.csv,[0]
394,394.csv,[0]
395,395.csv,[0]
396,396.csv,[0]
397,397.csv,[0]
398,398.csv,[0]
399,399.csv,[0]
400,400.csv,[0]
401,401.csv,[0]
402,402.csv,[0]
403,403.csv,[0]
404,404.csv,[0]
405,405.csv,[0]
406,406.csv,[0]
407,407.csv,[0]
408,408.csv,[0]
409,409.csv,[0]
410,410.csv,[0]
411,411.csv,[0]
412,412.csv,[0]
413,413.csv,[0]
414,414.csv,[0]
415,415.csv,[0]
416,416.csv,[0]
417,417.csv,[0]
418,418.csv,[0]
419,419.csv,[0]
420,420.csv,[0]
421,421.csv,[0]
422,422.csv,[0]
423,423.csv,[0]
424,424.csv,[0]
425,425.csv,[0]
426,426.csv,[0]
427,427.csv,[0]
428,428.csv,[0]
429,429.csv,[0]
430,430.csv,[0]
431,431.csv,[0]
432,432.csv,[0]
433,433.csv,[0]
434,434.csv,[0]
435,435.csv,[0]
436,436.csv,[0]
437,437.csv,[0]
438,438.csv,[0]
439,439.csv,[0]
440,440.csv,[0]
441,441.csv,[0]
442,442.csv,[0]
443,443.csv,[0]
444,444.csv,[0]
445,445.csv,[0]
446,446.csv,[0]
447,447.csv,[0]
448,448.csv,[0]
449,449.csv,[0]
450,450.csv,[0]
451,451.csv,[0]
452,452.csv,[0]
453,453.csv,[0]
454,454.csv,[0]
455,455.csv,[0]
456,456.csv,[0]
457,457.csv,[0]
458,458.csv,[0]
459,459.csv,[0]
460,460.csv,[0]
461,461.csv,[0]
462,462.csv,[0]
463,463.csv,[0]
464,464.csv,[0]
465,465.csv,[0]
466,466.csv,[0]
467,467.csv,[0]
468,468.csv,[0]
469,469.csv,[0]
470,470.csv,[0]
471,471.csv,[0]
472,472.csv,[0]
473,473.csv,[0]
474,474.csv,[0]
475,475.csv,[0]
476,476.csv,[0]
477,477.csv,[0]
478,478.csv,[0]
479,479.csv,[0]
480,480.csv,[0]
481,481.csv,[0]
482,482.csv,[0]
483,483.csv,[0]
484,484.csv,[0]
485,485.csv,[0]
486,486.csv,[0]
487,487.csv,[0]
488,488.csv,[0]
489,489.csv,[0]
490,490.csv,[0]
491,491.csv,[0]
492,492.csv,[0]
493,493.csv,[0]
494,494.csv,[0]
495,495.csv,[0]
496,496.csv,[0]
497,497.csv,[0]
498,498.csv,[0]
499,499.csv,[0]
500,500.csv,[0]
501,501.csv,[0]
502,502.csv,[0]
503,503.csv,[0]
504,504.csv,[0]
505,505.csv,[0]
506,506.csv,[0]
507,507.csv,[0]
508,508.csv,[0]
509,509.csv,[0]
510,510.csv,[0]
511,511.csv,[0]
512,512.csv,[0]
513,513.csv,[0]
514,514.csv,[0]
515,515.csv,[0]
516,516.csv,[0]
517,517.csv,[0]
518,518.csv,[0]
519,519.csv,[0]
520,520.csv,[0]
521,521.csv,[0]
522,522.csv,[0]
523,523.csv,[0]
524,524.csv,[0]
525,525.csv,[0]
526,526.csv,[0]
527,527.csv,[0]
528,528.csv,[0]
529,529.csv,[0]
530,530.csv,[0]
531,531.csv,[0]
532,532.csv,[0]
533,533.csv,[0]
534,534.csv,[0]
535,535.csv,[0]
536,536.csv,[0]
537,537.csv,[0]
538,538.csv,[0]
539,539.csv,[0]
540,540.csv,[0]
541,541.csv,[0]
542,542.csv,[0]
543,543.csv,[0]
544,544.csv,[0]
545,545.csv,[0]
546,546.csv,[0]
547,547.csv,[0]
548,548.csv,[0]
549,549.csv,[0]
550,550.csv,[0]
551,551.csv,[0]
552,552.csv,[0]
553,553.csv,[0]
554,554.csv,[0]
555,555.csv,[0]
556,556.csv,[0]
557,557.csv,[0]
558,558.csv,[0]
559,559.csv,[0]
560,560.csv,[0]
561,561.csv,[0]
562,562.csv,[0]
563,563.csv,[0]
564,564.csv,[0]
565,565.csv,[0]
566,566.csv,[0]
567,567.csv,[0]
568,568.csv,[0]
569,569.csv,[0]
570,570.csv,[0]
571,571.csv,[0]
572,572.csv,[0]
573,573.csv,[0]
574,574.csv,[0]
575,575.csv,[0]
576,576.csv,[0]
577,577.csv,[0]
578,578.csv,[0]
579,579.csv,[0]
580,580.csv,[0]
581,581.csv,[0]
582,582.csv,[0]
583,583.csv,[0]
584,584.csv,[0]
585,585.csv,[0]
586,586.csv,[0]
587,587.csv,[0]
588,588.csv,[0]
589,589.csv,[0]
590,590.csv,[0]
591,591.csv,[0]
592,592.csv,[0]
593,593.csv,[0]
594,594.csv,[0]
595,595.csv,[0]
596,596.csv,[0]
597,597.csv,[0]
598,598.csv,[0]
599,599.csv,[0]
600,600.csv,[0]
601,601.csv,[0]
602,602.csv,[0]
603,603.csv,[0]
604,604.csv,[0]
605,605.csv,[0]
606,606.csv,[0]
607,607.csv,[0]
608,608.csv,[0]
609,609.csv,[0]
610,610.csv,[0]
611,611.csv,[0]
612,612.csv,[0]
613,613.csv,[0]
614,614.csv,[0]
615,615.csv,[0]
616,616.csv,[0]
617,617.csv,[0]
618,618.csv,[0]
619,619.csv,[0]
620,620.csv,[0]
621,621.csv,[0]
622,622.csv,[0]
623,623.csv,[0]
624,624.csv,[0]
625,625.csv,[0]
626,626.csv,[0]
627,627.csv,[0]
628,628.csv,[0]
629,629.csv,[0]
630,630.csv,[0]
631,631.csv,[0]
632,632.csv,[0]
633,633.csv,[0]
634,634.csv,[0]
635,635.csv,[0]
636,636.csv,[0]
637,637.csv,[0]
638,638.csv,[0]
639,639.csv,[0]
640,640.csv,[0]
641,641.csv,[0]
642,642.csv,[0]
643,643.csv,[0]
644,644.csv,[0]
645,645.csv,[0]
646,646.csv,[0]
647,647.csv,[0]
648,648.csv,[0]
649,649.csv,[0]
650,650.csv,[0]
651,651.csv,[0]
652,652.csv,[0]
653,653.csv,[0]
654,654.csv,[0]
655,655.csv,[0]
656,656.csv,[0]
657,657.csv,[0]
658,658.csv,[0]
659,659.csv,[0]
660,660.csv,[0]
661,661.csv,[0]
662,662.csv,[0]
663,663.csv,[0]
664,664.csv,[0]
665,665.csv,[0]
666,666.csv,[0]
667,667.csv,[0]
668,668.csv,[0]
669,669.csv,[0]
670,670.csv,[0]
671,671.csv,[0]
672,672.csv,[0]
673,673.csv,[0]
674,674.csv,[0]
675,675.csv,[0]
676,676.csv,[0]
677,677.csv,[0]
678,678.csv,[0]
679,679.csv,[0]
680,680.csv,[0]
681,681.csv,[0]
682,682.csv,[0]
683,683.csv,[0]
684,684.csv,[0]
685,685.csv,[0]
686,686.csv,[0]
687,687.csv,[0]
688,688.csv,[0]
689,689.csv,[0]
690,690.csv,[0]
691,691.csv,[0]
692,692.csv,[0]
693,693.csv,[0]
694,694.csv,[0]
695,695.csv,[0]
696,696.csv,[0]
697,697.csv,[0]
698,698.csv,[0]
699,699.csv,[0]
700,700.csv,[0]
701,701.csv,[0]
702,702.csv,[0]
703,703.csv,[0]
704,704.csv,[0]
705,705.csv,[0]
706,706.csv,[0]
707,707.csv,[0]
708,708.csv,[0]
709,709.csv,[0]
710,710.csv,[0]
711,711.csv,[0]
712,712.csv,[0]
713,713.csv,[0]
714,714.csv,[0]
715,715.csv,[0]
716,716.csv,[0]
717,717.csv,[0]
718,718.csv,[0]
719,719.csv,[0]
720,720.csv,[0]
721,721.csv,[0]
722,722.csv,[0]
723,723.csv,[0]
724,724.csv,[0]
725,725.csv,[0]
726,726.csv,[0]
727,727.csv,[0]
728,728.csv,[0]
729,729.csv,[0]
730,730.csv,[0]
731,731.csv,[0]
732,732.csv,[0]
733,733.csv,[0]
734,734.csv,[0]
735,735.csv,[0]
736,736.csv,[0]
737,737.csv,[0]
738,738.csv,[0]
739,739.csv,[0]
740,740.csv,[0]
741,741.csv,[0]
742,742.csv,[0]
743,743.csv,[0]
744,744.csv,[0]
745,745.csv,[0]
746,746.csv,[0]
747,747.csv,[0]
748,748.csv,[0]
749,749.csv,[0]
750,750.csv,[0]
751,751.csv,[0]
752,752.csv,[0]
753,753.csv,[0]
754,754.csv,[0]
755,755.csv,[0]
756,756.csv,[0]
757,757.csv,[0]
758,758.csv,[0]
759,759.csv,[0]
